pageId,locale,scheduledAt,caption,targetUrl,mediaPath\n1234567890,en_US,2025-08-19T12:50:33.131Z,"ğŸ”¥ DEAL ALERT: Bestbuy Deal 6 - Premium Product

ğŸ’° Save big with 53% OFF - Only USD 48.88 (was USD 104)

â° Limited time offer - Don't miss out!

#deals #bestbuy #usdeals

This post contains affiliate links. As an Amazon Associate, we earn from qualifying purchases.",https://www.bestbuy.com/site/electronics/deals-of-the-day/pcmcat248000050016.c/product/bestbuy_us_20250819_6?utm_source=facebook&utm_medium=organic&utm_campaign=launch,/Users/admin/projects/deal-aggregator-facebook/media/bestbuy_us_20250819_6.png\n1234567890,en_US,2025-08-19T13:00:33.131Z,"ğŸ”¥ DEAL ALERT: Bestbuy Deal 7 - Premium Product

ğŸ’° Save big with 50% OFF - Only USD 44.5 (was USD 89)

â° Limited time offer - Don't miss out!

#deals #bestbuy #usdeals

This post contains affiliate links. As an Amazon Associate, we earn from qualifying purchases.",https://www.bestbuy.com/site/electronics/deals-of-the-day/pcmcat248000050016.c/product/bestbuy_us_20250819_7?utm_source=facebook&utm_medium=organic&utm_campaign=launch,/Users/admin/projects/deal-aggregator-facebook/media/bestbuy_us_20250819_7.png\n1234567890,en_US,2025-08-19T13:10:33.131Z,"ğŸ”¥ DEAL ALERT: Amazon_us Deal 4 - Premium Product

ğŸ’° Save big with 50% OFF - Only USD 63 (was USD 126)

â° Limited time offer - Don't miss out!

#deals #amazon #usdeals

This post contains affiliate links. As an Amazon Associate, we earn from qualifying purchases.",https://www.amazon.com/gp/goldbox/product/amazon_us_us_20250819_4?utm_source=facebook&utm_medium=organic&utm_campaign=launch,/Users/admin/projects/deal-aggregator-facebook/media/amazon_us_us_20250819_4.png\n1234567890,en_US,2025-08-19T13:20:33.131Z,"ğŸ”¥ DEAL ALERT: Walmart Deal 3 - Premium Product

ğŸ’° Save big with 51% OFF - Only USD 63.7 (was USD 130)

â° Limited time offer - Don't miss out!

#deals #walmart #usdeals

This post contains affiliate links. As an Amazon Associate, we earn from qualifying purchases.",https://www.walmart.com/shop/deals/product/walmart_us_20250819_3?utm_source=facebook&utm_medium=organic&utm_campaign=launch,/Users/admin/projects/deal-aggregator-facebook/media/walmart_us_20250819_3.png\n1234567890,en_US,2025-08-19T13:30:33.131Z,"ğŸ”¥ DEAL ALERT: Target Deal 1 - Premium Product

ğŸ’° Save big with 59% OFF - Only USD 58.63 (was USD 143)

â° Limited time offer - Don't miss out!

#deals #target #usdeals

This post contains affiliate links. As an Amazon Associate, we earn from qualifying purchases.",https://www.target.com/c/clearance/-/N-5q0f0/product/target_us_20250819_1?utm_source=facebook&utm_medium=organic&utm_campaign=launch,/Users/admin/projects/deal-aggregator-facebook/media/target_us_20250819_1.png\n1234567890,en_US,2025-08-19T13:40:33.131Z,"ğŸ”¥ DEAL ALERT: Bestbuy Deal 3 - Premium Product

ğŸ’° Save big with 49% OFF - Only USD 68.34 (was USD 134)

â° Limited time offer - Don't miss out!

#deals #bestbuy #usdeals

This post contains affiliate links. As an Amazon Associate, we earn from qualifying purchases.",https://www.bestbuy.com/site/electronics/deals-of-the-day/pcmcat248000050016.c/product/bestbuy_us_20250819_3?utm_source=facebook&utm_medium=organic&utm_campaign=launch,/Users/admin/projects/deal-aggregator-facebook/media/bestbuy_us_20250819_3.png